{
  "label_lag1": {
    "mean": 64.79669937629939,
    "std": 15.745361703966244,
    "p5": 37.5,
    "p95": 89.0625
  },
  "sleep_duration_mean": {
    "mean": 6.9812201094414705,
    "std": 1.3399473896261886,
    "p5": 4.75,
    "p95": 9.071428571428571
  },
  "sleep_duration_std": {
    "mean": 1.5602148958072704,
    "std": 0.652747434690581,
    "p5": 0.6408699444616559,
    "p95": 2.749458821208969
  },
  "unlock_num_ep_0_mean": {
    "mean": 100.09169376972692,
    "std": 59.67869237153431,
    "p5": 38.0,
    "p95": 216.02499999999964
  },
  "unlock_num_ep_0_std": {
    "mean": 24.146283708716116,
    "std": 16.585544440540303,
    "p5": 7.332072073758166,
    "p95": 55.83368068937933
  },
  "unlock_duration_ep_0_mean": {
    "mean": 10879.3257030822,
    "std": 4310.928742997971,
    "p5": 4890.457482857143,
    "p95": 18657.88857142857
  },
  "unlock_duration_ep_0_std": {
    "mean": 3208.5619852301948,
    "std": 1510.3814763272262,
    "p5": 1293.3410802581484,
    "p95": 6053.390697273872
  },
  "act_still_ep_0_mean": {
    "mean": 71025.49644263758,
    "std": 4937.944905165873,
    "p5": 61996.04880952381,
    "p95": 78334.2982142857
  },
  "act_still_ep_0_std": {
    "mean": 5453.573821442317,
    "std": 2753.0633756247635,
    "p5": 1859.3053545880646,
    "p95": 10542.088302748858
  },
  "act_in_vehicle_ep_0_mean": {
    "mean": 2407.6269788664745,
    "std": 2832.1818711793967,
    "p5": 0.0,
    "p95": 7788.464999999996
  },
  "act_in_vehicle_ep_0_std": {
    "mean": 2491.858951641769,
    "std": 2771.7072782050723,
    "p5": 0.0,
    "p95": 7825.832395722044
  },
  "act_on_bike_ep_0_mean": {
    "mean": 190.54639289145052,
    "std": 487.5909810750408,
    "p5": 0.0,
    "p95": 907.235714285713
  },
  "act_on_bike_ep_0_std": {
    "mean": 329.75885504340135,
    "std": 715.4151003262108,
    "p5": 0.0,
    "p95": 1604.489643378907
  },
  "loc_self_dorm_dur_mean": {
    "mean": 6.577002496831256,
    "std": 6.2607106496407585,
    "p5": 0.0,
    "p95": 16.12032142857799
  },
  "loc_self_dorm_dur_std": {
    "mean": 2.6482162465758634,
    "std": 2.680460003120253,
    "p5": 0.0,
    "p95": 7.290747971280538
  },
  "loc_social_dur_mean": {
    "mean": 0.40723962869046043,
    "std": 0.7539069004576866,
    "p5": 0.0,
    "p95": 1.8628841269839096
  },
  "loc_social_dur_std": {
    "mean": 0.5017151301325131,
    "std": 0.7312618318050502,
    "p5": 0.0,
    "p95": 1.9962529126596125
  },
  "loc_study_dur_mean": {
    "mean": 2.6550739781060595,
    "std": 3.2959016123675045,
    "p5": 0.0,
    "p95": 8.16449404762314
  },
  "loc_study_dur_std": {
    "mean": 1.6679208681492659,
    "std": 1.7060416187847616,
    "p5": 0.0,
    "p95": 4.453228484828532
  },
  "other_playing_duration_ep_0_mean": {
    "mean": 9804.431160910237,
    "std": 6878.924841858897,
    "p5": 1680.7833333333333,
    "p95": 23556.785714285714
  },
  "other_playing_duration_ep_0_std": {
    "mean": 5260.705438634046,
    "std": 3502.402759182423,
    "p5": 1247.9175249773111,
    "p95": 12124.09039545996
  },
  "is_ios": {
    "mean": 0.9537463976945245,
    "std": 0.21004895622024625,
    "p5": 1.0,
    "p95": 1.0
  }
}